session_id,domain,world_id,task_id,initial_state
prior_auth_provider_session_v1,prior_auth_provider,healthverse-pa-v2-provider,pa_t008_t008_o002_p01_new_referral_provider,
prior_auth_provider_session_v1,prior_auth_provider,healthverse-pa-v2-provider,pa_t011_t011_o003_p01_new_referral_provider,
prior_auth_provider_session_v1,prior_auth_provider,healthverse-pa-v2-provider,pa_t012_t012_o001_p01_new_referral_provider,
prior_auth_provider_session_v1,prior_auth_provider,healthverse-pa-v2-provider,pa_t013_t013_o002_p01_new_referral_provider,
prior_auth_provider_session_v1,prior_auth_provider,healthverse-pa-v2-provider,pa_t014_t014_o001_p01_new_referral_provider,
prior_auth_provider_session_v1,prior_auth_provider,healthverse-pa-v2-provider,pa_t015_t015_o002_p01_new_referral_provider,
prior_auth_provider_session_v1,prior_auth_provider,healthverse-pa-v2-provider,pa_t016_t016_o001_p01_new_referral_provider,
prior_auth_provider_session_v1,prior_auth_provider,healthverse-pa-v2-provider,pa_t017_t017_o001_p01_new_referral_provider,
prior_auth_provider_session_v1,prior_auth_provider,healthverse-pa-v2-provider,pa_t018_t018_o001_p01_new_referral_provider,
prior_auth_provider_session_v1,prior_auth_provider,healthverse-pa-v2-provider,pa_t019_t019_o001_p01_new_referral_provider,
prior_auth_provider_session_v1,prior_auth_provider,healthverse-pa-v2-provider,pa_t021_t021_o003_p01_new_referral_provider,
prior_auth_provider_session_v1,prior_auth_provider,healthverse-pa-v2-provider,pa_t022_t022_o001_p01_new_referral_provider,
prior_auth_provider_session_v1,prior_auth_provider,healthverse-pa-v2-provider,pa_t023_t023_o003_p01_new_referral_provider,
prior_auth_provider_session_v1,prior_auth_provider,healthverse-pa-v2-provider,pa_t024_t024_o001_p01_new_referral_provider,
prior_auth_provider_session_v1,prior_auth_provider,healthverse-pa-v2-provider,pa_t026_t026_o003_p01_new_referral_provider,
prior_auth_provider_session_v1,prior_auth_provider,healthverse-pa-v2-provider,pa_t027_t027_o002_p01_new_referral_provider,
prior_auth_provider_session_v1,prior_auth_provider,healthverse-pa-v2-provider,pa_t028_t028_o001_p01_new_referral_provider,
prior_auth_provider_session_v1,prior_auth_provider,healthverse-pa-v2-provider,pa_t029_t029_o001_p01_new_referral_provider,
prior_auth_provider_session_v1,prior_auth_provider,healthverse-pa-v2-provider,pa_t030_t030_o002_p01_new_referral_provider,
prior_auth_provider_session_v1,prior_auth_provider,healthverse-pa-v2-provider,pa_t031_t031_o001_p01_new_referral_provider,
prior_auth_provider_session_v1,prior_auth_provider,healthverse-pa-v2-provider,pa_t032_t032_o002_p01_new_referral_provider,
prior_auth_provider_session_v1,prior_auth_provider,healthverse-pa-v2-provider,pa_t033_t033_o001_p01_new_referral_provider,
prior_auth_provider_session_v1,prior_auth_provider,healthverse-pa-v2-provider,pa_t034_t034_o002_p01_new_referral_provider,
prior_auth_provider_session_v1,prior_auth_provider,healthverse-pa-v2-provider,pa_t035_t035_o001_p01_new_referral_provider,
prior_auth_provider_session_v1,prior_auth_provider,healthverse-pa-v2-provider,pa_t036_t036_o002_p01_new_referral_provider,
prior_auth_um_session_v1,prior_auth_um,healthverse-pa-v2-payer,pa_t008_t008_o002_p01_mdreview_payer,md_review
prior_auth_um_session_v1,prior_auth_um,healthverse-pa-v2-payer,pa_t011_t011_o003_p01_intake_payer,intake
prior_auth_um_session_v1,prior_auth_um,healthverse-pa-v2-payer,pa_t012_t012_o001_p01_triage_payer,triage
prior_auth_um_session_v1,prior_auth_um,healthverse-pa-v2-payer,pa_t013_t013_o002_p01_nurse_review_payer,nurse_review
prior_auth_um_session_v1,prior_auth_um,healthverse-pa-v2-payer,pa_t014_t014_o001_p01_intake_payer,intake
prior_auth_um_session_v1,prior_auth_um,healthverse-pa-v2-payer,pa_t015_t015_o002_p01_intake_payer,intake
prior_auth_um_session_v1,prior_auth_um,healthverse-pa-v2-payer,pa_t016_t016_o001_p01_p2p_payer,p2p
prior_auth_um_session_v1,prior_auth_um,healthverse-pa-v2-payer,pa_t017_t017_o001_p01_mdreview_payer,md_review
prior_auth_um_session_v1,prior_auth_um,healthverse-pa-v2-payer,pa_t018_t018_o001_p01_mdreview_payer,md_review
prior_auth_um_session_v1,prior_auth_um,healthverse-pa-v2-payer,pa_t019_t019_o001_p01_p2p_payer,p2p
prior_auth_um_session_v1,prior_auth_um,healthverse-pa-v2-payer,pa_t021_t021_o003_p01_mdreview_payer,md_review
prior_auth_um_session_v1,prior_auth_um,healthverse-pa-v2-payer,pa_t022_t022_o001_p01_nurse_review_payer,nurse_review
prior_auth_um_session_v1,prior_auth_um,healthverse-pa-v2-payer,pa_t023_t023_o003_p01_triage_payer,triage
prior_auth_um_session_v1,prior_auth_um,healthverse-pa-v2-payer,pa_t024_t024_o001_p01_nurse_review_payer,nurse_review
prior_auth_um_session_v1,prior_auth_um,healthverse-pa-v2-payer,pa_t026_t026_o003_p01_nurse_review_payer,nurse_review
prior_auth_um_session_v1,prior_auth_um,healthverse-pa-v2-payer,pa_t027_t027_o002_p01_nurse_review_payer,nurse_review
prior_auth_um_session_v1,prior_auth_um,healthverse-pa-v2-payer,pa_t028_t028_o001_p01_nurse_review_payer,nurse_review
prior_auth_um_session_v1,prior_auth_um,healthverse-pa-v2-payer,pa_t029_t029_o001_p01_nurse_review_payer,nurse_review
prior_auth_um_session_v1,prior_auth_um,healthverse-pa-v2-payer,pa_t030_t030_o002_p01_triage_payer,triage
prior_auth_um_session_v1,prior_auth_um,healthverse-pa-v2-payer,pa_t031_t031_o001_p01_p2p_payer,p2p
prior_auth_um_session_v1,prior_auth_um,healthverse-pa-v2-payer,pa_t032_t032_o002_p01_nurse_review_payer,nurse_review
prior_auth_um_session_v1,prior_auth_um,healthverse-pa-v2-payer,pa_t033_t033_o001_p01_triage_payer,triage
prior_auth_um_session_v1,prior_auth_um,healthverse-pa-v2-payer,pa_t034_t034_o002_p01_intake_payer,intake
prior_auth_um_session_v1,prior_auth_um,healthverse-pa-v2-payer,pa_t035_t035_o001_p01_intake_payer,intake
prior_auth_um_session_v1,prior_auth_um,healthverse-pa-v2-payer,pa_t036_t036_o002_p01_p2p_payer,p2p
care_management_session_v1,care_management,healthverse-cm-curated25-v1,cm_afib_moderate_anxious_001,
care_management_session_v1,care_management,healthverse-cm-curated25-v1,cm_anorexia_hard_refuses_001,
care_management_session_v1,care_management,healthverse-cm-curated25-v1,cm_asthma_low_coop_001,
care_management_session_v1,care_management,healthverse-cm-curated25-v1,cm_ckd_moderate_anxious_001,
care_management_session_v1,care_management,healthverse-cm-curated25-v1,cm_complex_esrd_dm_hard_refuses_001,
care_management_session_v1,care_management,healthverse-cm-curated25-v1,cm_complex_hf_afib_ckd_hard_refuses_001,
care_management_session_v1,care_management,healthverse-cm-curated25-v1,cm_complex_parkinson_dep_moderate_tentative_001,
care_management_session_v1,care_management,healthverse-cm-curated25-v1,cm_copd_hard_refuses_002,
care_management_session_v1,care_management,healthverse-cm-curated25-v1,cm_dementia_hard_refuses_001,
care_management_session_v1,care_management,healthverse-cm-curated25-v1,cm_dm_hard_refuses_002,
care_management_session_v1,care_management,healthverse-cm-curated25-v1,cm_dm_low_coop_001,
care_management_session_v1,care_management,healthverse-cm-curated25-v1,cm_dm_moderate_anxious_001,
care_management_session_v1,care_management,healthverse-cm-curated25-v1,cm_hf_hard_refuses_002,
care_management_session_v1,care_management,healthverse-cm-curated25-v1,cm_htn_low_tentative_001,
care_management_session_v1,care_management,healthverse-cm-curated25-v1,cm_mdd_hard_refuses_002,
care_management_session_v1,care_management,healthverse-cm-curated25-v1,cm_mdd_moderate_reluctant_001,
care_management_session_v1,care_management,healthverse-cm-curated25-v1,cm_metabolic_syndrome_hard_refuses_001,
care_management_session_v1,care_management,healthverse-cm-curated25-v1,cm_parkinson_hard_refuses_001,
care_management_session_v1,care_management,healthverse-cm-curated25-v1,cm_post_hip_moderate_anxious_001,
care_management_session_v1,care_management,healthverse-cm-curated25-v1,cm_post_mi_hard_refuses_002,
care_management_session_v1,care_management,healthverse-cm-curated25-v1,cm_post_pna_moderate_tentative_001,
care_management_session_v1,care_management,healthverse-cm-curated25-v1,cm_post_stroke_hard_refuses_001,
care_management_session_v1,care_management,healthverse-cm-curated25-v1,cm_ptsd_hard_refuses_001,
care_management_session_v1,care_management,healthverse-cm-curated25-v1,cm_schizo_hard_refuses_001,
care_management_session_v1,care_management,healthverse-cm-curated25-v1,cm_sud_hard_refuses_001,
